{
    "model": "AdaBoost_val",
    "accuracy": 0.9883075842696629,
    "precision": 0.10547945205479452,
    "recall": 0.8555555555555555,
    "f1score": 0.1878048780487805,
    "roc_auc": 0.9827938964109177,
    "PR_AUC": 0.7985825798255233,
    "best_threshold": 0.5359024678069537,
    "classification report": {
        "0": {
            "precision": 0.999768806686822,
            "recall": 0.9885176718832425,
            "f1-score": 0.9941114058355438,
            "support": 56870.0
        },
        "1": {
            "precision": 0.10547945205479452,
            "recall": 0.8555555555555555,
            "f1-score": 0.1878048780487805,
            "support": 90.0
        },
        "accuracy": 0.9883075842696629,
        "macro avg": {
            "precision": 0.5526241293708083,
            "recall": 0.9220366137193989,
            "f1-score": 0.5909581419421621,
            "support": 56960.0
        },
        "weighted avg": {
            "precision": 0.9983557792655284,
            "recall": 0.9883075842696629,
            "f1-score": 0.9928373962235211,
            "support": 56960.0
        }
    }
}