{
    "model": "AdaBoost_train",
    "accuracy": 0.9820478291428201,
    "precision": 0.9877722263393177,
    "recall": 0.9761799292426363,
    "f1score": 0.9819418658190622,
    "roc_auc": 0.9989171465328744,
    "PR_AUC": 0.9989387927843474,
    "best_threshold": 0.49518488026051605,
    "classification report": {
        "0": {
            "precision": 0.9764562341650224,
            "recall": 0.9879157290430037,
            "f1-score": 0.9821525561567662,
            "support": 169311.0
        },
        "1": {
            "precision": 0.9877722263393177,
            "recall": 0.9761799292426363,
            "f1-score": 0.9819418658190622,
            "support": 169311.0
        },
        "accuracy": 0.9820478291428201,
        "macro avg": {
            "precision": 0.98211423025217,
            "recall": 0.9820478291428201,
            "f1-score": 0.9820472109879141,
            "support": 338622.0
        },
        "weighted avg": {
            "precision": 0.98211423025217,
            "recall": 0.9820478291428201,
            "f1-score": 0.9820472109879141,
            "support": 338622.0
        }
    }
}