{
    "model": "DecisionTree_val",
    "accuracy": 0.9843047752808989,
    "precision": 0.08212058212058213,
    "recall": 0.8777777777777778,
    "f1score": 0.15019011406844107,
    "roc_auc": 0.9353119199734286,
    "PR_AUC": 0.16204845112841165,
    "best_threshold": 0.9967658473479948,
    "classification report": {
        "0": {
            "precision": 0.9998035644130148,
            "recall": 0.9844733602954105,
            "f1-score": 0.9920792430095332,
            "support": 56870.0
        },
        "1": {
            "precision": 0.08212058212058213,
            "recall": 0.8777777777777778,
            "f1-score": 0.15019011406844107,
            "support": 90.0
        },
        "accuracy": 0.9843047752808989,
        "macro avg": {
            "precision": 0.5409620732667985,
            "recall": 0.9311255690365942,
            "f1-score": 0.5711346785389871,
            "support": 56960.0
        },
        "weighted avg": {
            "precision": 0.998353573745769,
            "recall": 0.9843047752808989,
            "f1-score": 0.9907490108886642,
            "support": 56960.0
        }
    }
}