{
    "model": "DecisionTree_train",
    "accuracy": 0.9775826733053375,
    "precision": 0.9850222536799549,
    "recall": 0.969913354714106,
    "f1score": 0.977409418942043,
    "roc_auc": 0.9911670944188348,
    "PR_AUC": 0.9938435872234133,
    "best_threshold": 0.558955223880597,
    "classification report": {
        "0": {
            "precision": 0.9703678711869139,
            "recall": 0.9852519918965691,
            "f1-score": 0.977753290408799,
            "support": 169311.0
        },
        "1": {
            "precision": 0.9850222536799549,
            "recall": 0.969913354714106,
            "f1-score": 0.977409418942043,
            "support": 169311.0
        },
        "accuracy": 0.9775826733053375,
        "macro avg": {
            "precision": 0.9776950624334344,
            "recall": 0.9775826733053375,
            "f1-score": 0.9775813546754211,
            "support": 338622.0
        },
        "weighted avg": {
            "precision": 0.9776950624334343,
            "recall": 0.9775826733053375,
            "f1-score": 0.9775813546754208,
            "support": 338622.0
        }
    }
}