{
    "model": "GradientBoosting_val",
    "accuracy": 0.9989290730337078,
    "precision": 0.6218487394957983,
    "recall": 0.8222222222222222,
    "f1score": 0.7081339712918661,
    "roc_auc": 0.9693281949084657,
    "PR_AUC": 0.6850274901100154,
    "best_threshold": 0.8841244696928428,
    "classification report": {
        "0": {
            "precision": 0.999718513045161,
            "recall": 0.9992087216458589,
            "f1-score": 0.9994635523388239,
            "support": 56870.0
        },
        "1": {
            "precision": 0.6218487394957983,
            "recall": 0.8222222222222222,
            "f1-score": 0.7081339712918661,
            "support": 90.0
        },
        "accuracy": 0.9989290730337078,
        "macro avg": {
            "precision": 0.8107836262704797,
            "recall": 0.9107154719340406,
            "f1-score": 0.853798761815345,
            "support": 56960.0
        },
        "weighted avg": {
            "precision": 0.999121457574314,
            "recall": 0.9989290730337078,
            "f1-score": 0.9990032352339393,
            "support": 56960.0
        }
    }
}