{
    "model": "LogisticRegression_train",
    "accuracy": 0.9768945904282651,
    "precision": 0.9901000916545776,
    "recall": 0.9634223411355435,
    "f1score": 0.9765790576543136,
    "roc_auc": 0.9969441825035996,
    "PR_AUC": 0.9973272207410696,
    "best_threshold": 0.45232683616770314,
    "classification report": {
        "0": {
            "precision": 0.9643820489667746,
            "recall": 0.9903668397209868,
            "f1-score": 0.9772017343465896,
            "support": 169311.0
        },
        "1": {
            "precision": 0.9901000916545776,
            "recall": 0.9634223411355435,
            "f1-score": 0.9765790576543136,
            "support": 169311.0
        },
        "accuracy": 0.9768945904282651,
        "macro avg": {
            "precision": 0.9772410703106761,
            "recall": 0.9768945904282651,
            "f1-score": 0.9768903960004516,
            "support": 338622.0
        },
        "weighted avg": {
            "precision": 0.9772410703106761,
            "recall": 0.9768945904282651,
            "f1-score": 0.9768903960004517,
            "support": 338622.0
        }
    }
}