{
    "model": "LogisticRegression_val",
    "accuracy": 0.9902212078651685,
    "precision": 0.12520064205457465,
    "recall": 0.8666666666666667,
    "f1score": 0.2187938288920056,
    "roc_auc": 0.9617255729441417,
    "PR_AUC": 0.7706893805359599,
    "best_threshold": 0.9999999986507977,
    "classification report": {
        "0": {
            "precision": 0.9997869961126791,
            "recall": 0.9904167399331809,
            "f1-score": 0.9950798095524128,
            "support": 56870.0
        },
        "1": {
            "precision": 0.12520064205457465,
            "recall": 0.8666666666666667,
            "f1-score": 0.2187938288920056,
            "support": 90.0
        },
        "accuracy": 0.9902212078651685,
        "macro avg": {
            "precision": 0.5624938190836268,
            "recall": 0.9285417032999238,
            "f1-score": 0.6069368192222092,
            "support": 56960.0
        },
        "weighted avg": {
            "precision": 0.9984051005392024,
            "recall": 0.9902212078651685,
            "f1-score": 0.9938532340913974,
            "support": 56960.0
        }
    }
}