{
    "model": "NaiveBayes_val",
    "accuracy": 0.9767907303370786,
    "precision": 0.05555555555555555,
    "recall": 0.8555555555555555,
    "f1score": 0.1043360433604336,
    "roc_auc": 0.962248695856046,
    "PR_AUC": 0.43134473215570274,
    "best_threshold": 0.9999999999996092,
    "classification report": {
        "0": {
            "precision": 0.9997660776622161,
            "recall": 0.976982591876209,
            "f1-score": 0.9882430365337412,
            "support": 56870.0
        },
        "1": {
            "precision": 0.05555555555555555,
            "recall": 0.8555555555555555,
            "f1-score": 0.1043360433604336,
            "support": 90.0
        },
        "accuracy": 0.9767907303370786,
        "macro avg": {
            "precision": 0.5276608166088859,
            "recall": 0.9162690737158823,
            "f1-score": 0.5462895399470874,
            "support": 56960.0
        },
        "weighted avg": {
            "precision": 0.9982741719917527,
            "recall": 0.9767907303370786,
            "f1-score": 0.9868464138268311,
            "support": 56960.0
        }
    }
}