{
    "model": "NaiveBayes_train",
    "accuracy": 0.9216353337940241,
    "precision": 0.9741118807738542,
    "recall": 0.8662933890887184,
    "f1score": 0.917044410126234,
    "roc_auc": 0.9717199369226059,
    "PR_AUC": 0.9754136600915749,
    "best_threshold": 3.078121076067601e-08,
    "classification report": {
        "0": {
            "precision": 0.879617763266348,
            "recall": 0.9769772784993296,
            "f1-score": 0.925744763013415,
            "support": 169311.0
        },
        "1": {
            "precision": 0.9741118807738542,
            "recall": 0.8662933890887184,
            "f1-score": 0.917044410126234,
            "support": 169311.0
        },
        "accuracy": 0.9216353337940241,
        "macro avg": {
            "precision": 0.9268648220201011,
            "recall": 0.921635333794024,
            "f1-score": 0.9213945865698245,
            "support": 338622.0
        },
        "weighted avg": {
            "precision": 0.9268648220201011,
            "recall": 0.9216353337940241,
            "f1-score": 0.9213945865698246,
            "support": 338622.0
        }
    }
}