{
    "model": "RandomForest_val",
    "accuracy": 0.9990168539325842,
    "precision": 0.6416666666666667,
    "recall": 0.8555555555555555,
    "f1score": 0.7333333333333333,
    "roc_auc": 0.9834656038137664,
    "PR_AUC": 0.8214155874358811,
    "best_threshold": 0.7639481263059529,
    "classification report": {
        "0": {
            "precision": 0.999771287825475,
            "recall": 0.9992438895727097,
            "f1-score": 0.9995075191276053,
            "support": 56870.0
        },
        "1": {
            "precision": 0.6416666666666667,
            "recall": 0.8555555555555555,
            "f1-score": 0.7333333333333333,
            "support": 90.0
        },
        "accuracy": 0.9990168539325842,
        "macro avg": {
            "precision": 0.8207189772460708,
            "recall": 0.9273997225641326,
            "f1-score": 0.8664204262304693,
            "support": 56960.0
        },
        "weighted avg": {
            "precision": 0.9992054624058069,
            "recall": 0.9990168539325842,
            "f1-score": 0.9990869489604444,
            "support": 56960.0
        }
    }
}