{
    "model": "RandomForest_train",
    "accuracy": 0.9936773157089616,
    "precision": 0.999265303196827,
    "recall": 0.9880811051851327,
    "f1score": 0.9936417335111233,
    "roc_auc": 0.9999195169113727,
    "PR_AUC": 0.9999167222657888,
    "best_threshold": 0.34082530753502766,
    "classification report": {
        "0": {
            "precision": 0.9882130299171757,
            "recall": 0.9992735262327905,
            "f1-score": 0.9937125018721532,
            "support": 169311.0
        },
        "1": {
            "precision": 0.999265303196827,
            "recall": 0.9880811051851327,
            "f1-score": 0.9936417335111233,
            "support": 169311.0
        },
        "accuracy": 0.9936773157089616,
        "macro avg": {
            "precision": 0.9937391665570015,
            "recall": 0.9936773157089616,
            "f1-score": 0.9936771176916382,
            "support": 338622.0
        },
        "weighted avg": {
            "precision": 0.9937391665570015,
            "recall": 0.9936773157089616,
            "f1-score": 0.9936771176916381,
            "support": 338622.0
        }
    }
}