{
    "model": "XGBoost_val",
    "accuracy": 0.9992626404494382,
    "precision": 0.7307692307692307,
    "recall": 0.8444444444444444,
    "f1score": 0.7835051546391752,
    "roc_auc": 0.9807727175038587,
    "PR_AUC": 0.8333670616557084,
    "best_threshold": 0.8924899101257324,
    "classification report": {
        "0": {
            "precision": 0.9997537638947517,
            "recall": 0.9995076490240901,
            "f1-score": 0.9996306913106942,
            "support": 56870.0
        },
        "1": {
            "precision": 0.7307692307692307,
            "recall": 0.8444444444444444,
            "f1-score": 0.7835051546391752,
            "support": 90.0
        },
        "accuracy": 0.9992626404494382,
        "macro avg": {
            "precision": 0.8652614973319912,
            "recall": 0.9219760467342673,
            "f1-score": 0.8915679229749347,
            "support": 56960.0
        },
        "weighted avg": {
            "precision": 0.9993287532209228,
            "recall": 0.9992626404494382,
            "f1-score": 0.999289200820869,
            "support": 56960.0
        }
    }
}