{
    "model": "AdaBoost_train",
    "accuracy": 0.9813564203386642,
    "precision": 0.9877144609667642,
    "recall": 0.9748382205138152,
    "f1score": 0.9812341004555404,
    "roc_auc": 0.998851643063537,
    "PR_AUC": 0.9988602513493414,
    "best_threshold": 0.49587382172153227,
    "classification report": {
        "0": {
            "precision": 0.9751620183688507,
            "recall": 0.9878746201635134,
            "f1-score": 0.9814771559375876,
            "support": 170139.0
        },
        "1": {
            "precision": 0.9877144609667642,
            "recall": 0.9748382205138152,
            "f1-score": 0.9812341004555404,
            "support": 170139.0
        },
        "accuracy": 0.9813564203386642,
        "macro avg": {
            "precision": 0.9814382396678074,
            "recall": 0.9813564203386642,
            "f1-score": 0.981355628196564,
            "support": 340278.0
        },
        "weighted avg": {
            "precision": 0.9814382396678074,
            "recall": 0.9813564203386642,
            "f1-score": 0.9813556281965639,
            "support": 340278.0
        }
    }
}