{
    "model": "AdaBoost_val",
    "accuracy": 0.9878686797752809,
    "precision": 0.10408432147562582,
    "recall": 0.8777777777777778,
    "f1score": 0.18610129564193167,
    "roc_auc": 0.9821531563214349,
    "PR_AUC": 0.7937572137539816,
    "best_threshold": 0.5282394748113575,
    "classification report": {
        "0": {
            "precision": 0.9998042739453035,
            "recall": 0.9880429048707579,
            "f1-score": 0.9938887955355484,
            "support": 56870.0
        },
        "1": {
            "precision": 0.10408432147562582,
            "recall": 0.8777777777777778,
            "f1-score": 0.18610129564193167,
            "support": 90.0
        },
        "accuracy": 0.9878686797752809,
        "macro avg": {
            "precision": 0.5519442977104646,
            "recall": 0.9329103413242679,
            "f1-score": 0.58999504558874,
            "support": 56960.0
        },
        "weighted avg": {
            "precision": 0.9983889860990558,
            "recall": 0.9878686797752809,
            "f1-score": 0.9926124459043963,
            "support": 56960.0
        }
    }
}