{
    "model": "DecisionTree_train",
    "accuracy": 0.9772744638207583,
    "precision": 0.9849272038888292,
    "recall": 0.9693838567289099,
    "f1score": 0.9770937193602948,
    "roc_auc": 0.991058566484615,
    "PR_AUC": 0.9927953972942605,
    "best_threshold": 0.5624082232011748,
    "classification report": {
        "0": {
            "precision": 0.9698595102532056,
            "recall": 0.9851650709126067,
            "f1-score": 0.9774523782448835,
            "support": 170139.0
        },
        "1": {
            "precision": 0.9849272038888292,
            "recall": 0.9693838567289099,
            "f1-score": 0.9770937193602948,
            "support": 170139.0
        },
        "accuracy": 0.9772744638207583,
        "macro avg": {
            "precision": 0.9773933570710174,
            "recall": 0.9772744638207583,
            "f1-score": 0.9772730488025891,
            "support": 340278.0
        },
        "weighted avg": {
            "precision": 0.9773933570710174,
            "recall": 0.9772744638207583,
            "f1-score": 0.977273048802589,
            "support": 340278.0
        }
    }
}