{
    "model": "DecisionTree_val",
    "accuracy": 0.984375,
    "precision": 0.0824634655532359,
    "recall": 0.8777777777777778,
    "f1score": 0.15076335877862596,
    "roc_auc": 0.9353588105425629,
    "PR_AUC": 0.3330372534680028,
    "best_threshold": 0.9973120962322775,
    "classification report": {
        "0": {
            "precision": 0.999803578443627,
            "recall": 0.984543696149112,
            "f1-score": 0.9921149620809413,
            "support": 56870.0
        },
        "1": {
            "precision": 0.0824634655532359,
            "recall": 0.8777777777777778,
            "f1-score": 0.15076335877862596,
            "support": 90.0
        },
        "accuracy": 0.984375,
        "macro avg": {
            "precision": 0.5411335219984315,
            "recall": 0.9311607369634449,
            "f1-score": 0.5714391604297836,
            "support": 56960.0
        },
        "weighted avg": {
            "precision": 0.9983541295292988,
            "recall": 0.984375,
            "f1-score": 0.9907855792807796,
            "support": 56960.0
        }
    }
}