{
    "model": "GradientBoosting_val",
    "accuracy": 0.9943644662921348,
    "precision": 0.20308483290488433,
    "recall": 0.8777777777777778,
    "f1score": 0.3298538622129436,
    "roc_auc": 0.9853385889846239,
    "PR_AUC": 0.8065074566795042,
    "best_threshold": 0.9351514723535784,
    "classification report": {
        "0": {
            "precision": 0.9998055540824804,
            "recall": 0.9945489713381396,
            "f1-score": 0.9971703352403452,
            "support": 56870.0
        },
        "1": {
            "precision": 0.20308483290488433,
            "recall": 0.8777777777777778,
            "f1-score": 0.3298538622129436,
            "support": 90.0
        },
        "accuracy": 0.9943644662921348,
        "macro avg": {
            "precision": 0.6014451934936824,
            "recall": 0.9361633745579587,
            "f1-score": 0.6635120987266444,
            "support": 56960.0
        },
        "weighted avg": {
            "precision": 0.9985466905834287,
            "recall": 0.9943644662921348,
            "f1-score": 0.9961159377232724,
            "support": 56960.0
        }
    }
}