{
    "model": "GradientBoosting_train",
    "accuracy": 0.9904783735651438,
    "precision": 0.9944247279018373,
    "recall": 0.986487519028559,
    "f1score": 0.9904402218812699,
    "roc_auc": 0.9996064871805851,
    "PR_AUC": 0.9995689772513052,
    "best_threshold": 0.3774636576048144,
    "classification report": {
        "0": {
            "precision": 0.986594517688356,
            "recall": 0.9944692281017286,
            "f1-score": 0.9905162219438233,
            "support": 170139.0
        },
        "1": {
            "precision": 0.9944247279018373,
            "recall": 0.986487519028559,
            "f1-score": 0.9904402218812699,
            "support": 170139.0
        },
        "accuracy": 0.9904783735651438,
        "macro avg": {
            "precision": 0.9905096227950967,
            "recall": 0.9904783735651438,
            "f1-score": 0.9904782219125465,
            "support": 340278.0
        },
        "weighted avg": {
            "precision": 0.9905096227950967,
            "recall": 0.9904783735651438,
            "f1-score": 0.9904782219125466,
            "support": 340278.0
        }
    }
}