{
    "model": "KNN_val",
    "accuracy": 0.9981214887640449,
    "precision": 0.44516129032258067,
    "recall": 0.7666666666666667,
    "f1score": 0.563265306122449,
    "roc_auc": 0.8994591954359846,
    "PR_AUC": 0.6904843891384738,
    "best_threshold": 1.0,
    "classification report": {
        "0": {
            "precision": 0.999630314232902,
            "recall": 0.9984877791454194,
            "f1-score": 0.999058720035188,
            "support": 56870.0
        },
        "1": {
            "precision": 0.44516129032258067,
            "recall": 0.7666666666666667,
            "f1-score": 0.563265306122449,
            "support": 90.0
        },
        "accuracy": 0.9981214887640449,
        "macro avg": {
            "precision": 0.7223958022777414,
            "recall": 0.8825772229060431,
            "f1-score": 0.7811620130788185,
            "support": 56960.0
        },
        "weighted avg": {
            "precision": 0.9987542220251786,
            "recall": 0.9981214887640449,
            "f1-score": 0.9983701419584299,
            "support": 56960.0
        }
    }
}