{
    "model": "LogisticRegression_val",
    "accuracy": 0.9902212078651685,
    "precision": 0.1264,
    "recall": 0.8777777777777778,
    "f1score": 0.22097902097902097,
    "roc_auc": 0.9655645429146398,
    "PR_AUC": 0.7736894151232304,
    "best_threshold": 0.9999999987662944,
    "classification report": {
        "0": {
            "precision": 0.9998047395047484,
            "recall": 0.9903991559697556,
            "f1-score": 0.9950797226270924,
            "support": 56870.0
        },
        "1": {
            "precision": 0.1264,
            "recall": 0.8777777777777778,
            "f1-score": 0.22097902097902097,
            "support": 90.0
        },
        "accuracy": 0.9902212078651685,
        "macro avg": {
            "precision": 0.5631023697523742,
            "recall": 0.9340884668737667,
            "f1-score": 0.6080293718030567,
            "support": 56960.0
        },
        "weighted avg": {
            "precision": 0.9984247109486488,
            "recall": 0.9902212078651685,
            "f1-score": 0.993856600029685,
            "support": 56960.0
        }
    }
}