{
    "model": "LogisticRegression_train",
    "accuracy": 0.9764721786304139,
    "precision": 0.9899669392516304,
    "recall": 0.9627010855829645,
    "f1score": 0.976143650623376,
    "roc_auc": 0.9969106175917846,
    "PR_AUC": 0.9972961934888545,
    "best_threshold": 0.4508567859619077,
    "classification report": {
        "0": {
            "precision": 0.9637008437008437,
            "recall": 0.9902432716778634,
            "f1-score": 0.9767917811713686,
            "support": 170139.0
        },
        "1": {
            "precision": 0.9899669392516304,
            "recall": 0.9627010855829645,
            "f1-score": 0.976143650623376,
            "support": 170139.0
        },
        "accuracy": 0.9764721786304139,
        "macro avg": {
            "precision": 0.9768338914762371,
            "recall": 0.976472178630414,
            "f1-score": 0.9764677158973722,
            "support": 340278.0
        },
        "weighted avg": {
            "precision": 0.976833891476237,
            "recall": 0.9764721786304139,
            "f1-score": 0.9764677158973724,
            "support": 340278.0
        }
    }
}