{
    "model": "NaiveBayes_train",
    "accuracy": 0.9203827458724925,
    "precision": 0.9739825976315284,
    "recall": 0.8638407419815562,
    "f1score": 0.915611236053053,
    "roc_auc": 0.9711657397490037,
    "PR_AUC": 0.9749564370607336,
    "best_threshold": 3.468380565389014e-08,
    "classification report": {
        "0": {
            "precision": 0.8776738709149378,
            "recall": 0.9769247497634287,
            "f1-score": 0.924643550531545,
            "support": 170139.0
        },
        "1": {
            "precision": 0.9739825976315284,
            "recall": 0.8638407419815562,
            "f1-score": 0.915611236053053,
            "support": 170139.0
        },
        "accuracy": 0.9203827458724925,
        "macro avg": {
            "precision": 0.9258282342732331,
            "recall": 0.9203827458724925,
            "f1-score": 0.920127393292299,
            "support": 340278.0
        },
        "weighted avg": {
            "precision": 0.925828234273233,
            "recall": 0.9203827458724925,
            "f1-score": 0.920127393292299,
            "support": 340278.0
        }
    }
}