{
    "model": "NaiveBayes_val",
    "accuracy": 0.9766678370786517,
    "precision": 0.05527638190954774,
    "recall": 0.8555555555555555,
    "f1score": 0.10384356035064059,
    "roc_auc": 0.9622177285426802,
    "PR_AUC": 0.43127079382934036,
    "best_threshold": 1.0,
    "classification report": {
        "0": {
            "precision": 0.999766048194072,
            "recall": 0.9768595041322314,
            "f1-score": 0.9881800474932629,
            "support": 56870.0
        },
        "1": {
            "precision": 0.05527638190954774,
            "recall": 0.8555555555555555,
            "f1-score": 0.10384356035064059,
            "support": 90.0
        },
        "accuracy": 0.9766678370786517,
        "macro avg": {
            "precision": 0.5275212150518098,
            "recall": 0.9162075298438934,
            "f1-score": 0.5460118039219518,
            "support": 56960.0
        },
        "weighted avg": {
            "precision": 0.9982737014601252,
            "recall": 0.9766678370786517,
            "f1-score": 0.9867827461617525,
            "support": 56960.0
        }
    }
}