{
    "model": "RandomForest_train",
    "accuracy": 0.9940813099877159,
    "precision": 0.9994415166980566,
    "recall": 0.9887151094105407,
    "f1score": 0.9940493777551913,
    "roc_auc": 0.9999369647841593,
    "PR_AUC": 0.999934961931744,
    "best_threshold": 0.3093925101848829,
    "classification report": {
        "0": {
            "precision": 0.988834937341901,
            "recall": 0.999447510564891,
            "f1-score": 0.9941129013399435,
            "support": 170139.0
        },
        "1": {
            "precision": 0.9994415166980566,
            "recall": 0.9887151094105407,
            "f1-score": 0.9940493777551913,
            "support": 170139.0
        },
        "accuracy": 0.9940813099877159,
        "macro avg": {
            "precision": 0.9941382270199788,
            "recall": 0.9940813099877159,
            "f1-score": 0.9940811395475674,
            "support": 340278.0
        },
        "weighted avg": {
            "precision": 0.9941382270199788,
            "recall": 0.9940813099877159,
            "f1-score": 0.9940811395475674,
            "support": 340278.0
        }
    }
}