{
    "model": "RandomForest_val",
    "accuracy": 0.9991924157303371,
    "precision": 0.7,
    "recall": 0.8555555555555555,
    "f1score": 0.77,
    "roc_auc": 0.9818529589902898,
    "PR_AUC": 0.8205925188009767,
    "best_threshold": 0.5927373811982429,
    "classification report": {
        "0": {
            "precision": 0.9997713280562884,
            "recall": 0.9994197292069632,
            "f1-score": 0.9995954977136827,
            "support": 56870.0
        },
        "1": {
            "precision": 0.7,
            "recall": 0.8555555555555555,
            "f1-score": 0.77,
            "support": 90.0
        },
        "accuracy": 0.9991924157303371,
        "macro avg": {
            "precision": 0.8498856640281442,
            "recall": 0.9274876423812594,
            "f1-score": 0.8847977488568414,
            "support": 56960.0
        },
        "weighted avg": {
            "precision": 0.9992976725168736,
            "recall": 0.9991924157303371,
            "f1-score": 0.9992327239286717,
            "support": 56960.0
        }
    }
}