{
    "model": "XGBoost_val",
    "accuracy": 0.9981741573033708,
    "precision": 0.4588235294117647,
    "recall": 0.8666666666666667,
    "f1score": 0.6,
    "roc_auc": 0.9886997635933807,
    "PR_AUC": 0.845426970984221,
    "best_threshold": 0.958572268486023,
    "classification report": {
        "0": {
            "precision": 0.9997886951928157,
            "recall": 0.9983822753648672,
            "f1-score": 0.999084990322013,
            "support": 56870.0
        },
        "1": {
            "precision": 0.4588235294117647,
            "recall": 0.8666666666666667,
            "f1-score": 0.6,
            "support": 90.0
        },
        "accuracy": 0.9981741573033708,
        "macro avg": {
            "precision": 0.7293061123022901,
            "recall": 0.932524471015767,
            "f1-score": 0.7995424951610065,
            "support": 56960.0
        },
        "weighted avg": {
            "precision": 0.9989339398395801,
            "recall": 0.9981741573033708,
            "f1-score": 0.9984544136167992,
            "support": 56960.0
        }
    }
}