{
    "model": "XGBoost_train",
    "accuracy": 0.9991095516019255,
    "precision": 0.9985791451385627,
    "recall": 0.9996414696218974,
    "f1score": 0.9991100249956676,
    "roc_auc": 0.999960285645941,
    "PR_AUC": 0.9999552117245473,
    "best_threshold": 0.530591607093811,
    "classification report": {
        "0": {
            "precision": 0.9996410877981619,
            "recall": 0.9985776335819536,
            "f1-score": 0.999109077704302,
            "support": 170139.0
        },
        "1": {
            "precision": 0.9985791451385627,
            "recall": 0.9996414696218974,
            "f1-score": 0.9991100249956676,
            "support": 170139.0
        },
        "accuracy": 0.9991095516019255,
        "macro avg": {
            "precision": 0.9991101164683622,
            "recall": 0.9991095516019255,
            "f1-score": 0.9991095513499848,
            "support": 340278.0
        },
        "weighted avg": {
            "precision": 0.9991101164683623,
            "recall": 0.9991095516019255,
            "f1-score": 0.9991095513499848,
            "support": 340278.0
        }
    }
}