{
    "model": "DecisionTree_train",
    "accuracy": 0.981756940048829,
    "precision": 0.9868464661529538,
    "recall": 0.9333868850531926,
    "f1score": 0.959372514272481,
    "roc_auc": 0.9892448113023897,
    "PR_AUC": 0.9852914370578177,
    "classification report": {
        "0": {
            "precision": 0.9803359089436913,
            "recall": 0.9962677575394236,
            "f1-score": 0.9882376261868046,
            "support": 170139.0
        },
        "1": {
            "precision": 0.9868464661529538,
            "recall": 0.9333868850531926,
            "f1-score": 0.959372514272481,
            "support": 51041.0
        },
        "accuracy": 0.981756940048829,
        "macro avg": {
            "precision": 0.9835911875483225,
            "recall": 0.9648273212963081,
            "f1-score": 0.9738050702296428,
            "support": 221180.0
        },
        "weighted avg": {
            "precision": 0.9818383293728348,
            "recall": 0.981756940048829,
            "f1-score": 0.9815765167862304,
            "support": 221180.0
        }
    }
}