{
    "model": "DecisionTree_val",
    "accuracy": 0.9958391853932584,
    "precision": 0.25418060200668896,
    "recall": 0.8444444444444444,
    "f1score": 0.390745501285347,
    "roc_auc": 0.9440217455014361,
    "PR_AUC": 0.35559325464763225,
    "classification report": {
        "0": {
            "precision": 0.9997529164681174,
            "recall": 0.9960787761561456,
            "f1-score": 0.997912464437026,
            "support": 56870.0
        },
        "1": {
            "precision": 0.25418060200668896,
            "recall": 0.8444444444444444,
            "f1-score": 0.390745501285347,
            "support": 90.0
        },
        "accuracy": 0.9958391853932584,
        "macro avg": {
            "precision": 0.6269667592374032,
            "recall": 0.920261610300295,
            "f1-score": 0.6943289828611865,
            "support": 56960.0
        },
        "weighted avg": {
            "precision": 0.9985748703251832,
            "recall": 0.9958391853932584,
            "f1-score": 0.9969531065247429,
            "support": 56960.0
        }
    }
}