{
    "model": "LogisticRegression_val",
    "accuracy": 0.9968223314606741,
    "precision": 0.3112033195020747,
    "recall": 0.8333333333333334,
    "f1score": 0.45317220543806647,
    "roc_auc": 0.9599620967899498,
    "PR_AUC": 0.7597438400753237,
    "classification report": {
        "0": {
            "precision": 0.9997355383557538,
            "recall": 0.9970810620713909,
            "f1-score": 0.9984065358441399,
            "support": 56870.0
        },
        "1": {
            "precision": 0.3112033195020747,
            "recall": 0.8333333333333334,
            "f1-score": 0.45317220543806647,
            "support": 90.0
        },
        "accuracy": 0.9968223314606741,
        "macro avg": {
            "precision": 0.6554694289289142,
            "recall": 0.9152071977023621,
            "f1-score": 0.7257893706411032,
            "support": 56960.0
        },
        "weighted avg": {
            "precision": 0.9986476187683797,
            "recall": 0.9968223314606741,
            "f1-score": 0.9975450349709561,
            "support": 56960.0
        }
    }
}