{
    "model": "LogisticRegression_train",
    "accuracy": 0.9851614069988245,
    "precision": 0.9885031606079824,
    "recall": 0.946709508042554,
    "f1score": 0.9671550378287499,
    "roc_auc": 0.9964253789468456,
    "PR_AUC": 0.9919814916134916,
    "classification report": {
        "0": {
            "precision": 0.9842133060935477,
            "recall": 0.9966968184837104,
            "f1-score": 0.9904157273183894,
            "support": 170139.0
        },
        "1": {
            "precision": 0.9885031606079824,
            "recall": 0.946709508042554,
            "f1-score": 0.9671550378287499,
            "support": 51041.0
        },
        "accuracy": 0.9851614069988245,
        "macro avg": {
            "precision": 0.986358233350765,
            "recall": 0.9717031632631322,
            "f1-score": 0.9787853825735697,
            "support": 221180.0
        },
        "weighted avg": {
            "precision": 0.9852032620763276,
            "recall": 0.9851614069988245,
            "f1-score": 0.9850479325257288,
            "support": 221180.0
        }
    }
}