{
    "model": "RandomForest_val",
    "accuracy": 0.9994557584269663,
    "precision": 0.8172043010752689,
    "recall": 0.8444444444444444,
    "f1score": 0.8306010928961749,
    "roc_auc": 0.9802379696383565,
    "PR_AUC": 0.8467068096036181,
    "classification report": {
        "0": {
            "precision": 0.9997538115251376,
            "recall": 0.999701072621769,
            "f1-score": 0.9997274413779157,
            "support": 56870.0
        },
        "1": {
            "precision": 0.8172043010752689,
            "recall": 0.8444444444444444,
            "f1-score": 0.8306010928961749,
            "support": 90.0
        },
        "accuracy": 0.9994557584269663,
        "macro avg": {
            "precision": 0.9084790563002032,
            "recall": 0.9220727585331068,
            "f1-score": 0.9151642671370452,
            "support": 56960.0
        },
        "weighted avg": {
            "precision": 0.9994653730430363,
            "recall": 0.9994557584269663,
            "f1-score": 0.9994602122458343,
            "support": 56960.0
        }
    }
}