{
    "model": "RandomForest_train",
    "accuracy": 0.9906185007686048,
    "precision": 0.9992455138662316,
    "recall": 0.9600713152171784,
    "f1score": 0.9792667938969435,
    "roc_auc": 0.9996573041423399,
    "PR_AUC": 0.9990849565686919,
    "classification report": {
        "0": {
            "precision": 0.9881607993493668,
            "recall": 0.9997825307542656,
            "f1-score": 0.9939376941033484,
            "support": 170139.0
        },
        "1": {
            "precision": 0.9992455138662316,
            "recall": 0.9600713152171784,
            "f1-score": 0.9792667938969435,
            "support": 51041.0
        },
        "accuracy": 0.9906185007686048,
        "macro avg": {
            "precision": 0.9937031566077992,
            "recall": 0.9799269229857219,
            "f1-score": 0.986602244000146,
            "support": 221180.0
        },
        "weighted avg": {
            "precision": 0.9907187834060415,
            "recall": 0.9906185007686048,
            "f1-score": 0.990552137464253,
            "support": 221180.0
        }
    }
}