{
    "model": "XGBoost_val",
    "accuracy": 0.9996313202247191,
    "precision": 0.9156626506024096,
    "recall": 0.8444444444444444,
    "f1score": 0.8786127167630058,
    "roc_auc": 0.988014184397163,
    "PR_AUC": 0.8603010015732323,
    "classification report": {
        "0": {
            "precision": 0.9997538548095012,
            "recall": 0.9998769122560225,
            "f1-score": 0.999815379746279,
            "support": 56870.0
        },
        "1": {
            "precision": 0.9156626506024096,
            "recall": 0.8444444444444444,
            "f1-score": 0.8786127167630058,
            "support": 90.0
        },
        "accuracy": 0.9996313202247191,
        "macro avg": {
            "precision": 0.9577082527059554,
            "recall": 0.9221606783502334,
            "f1-score": 0.9392140482546424,
            "support": 56960.0
        },
        "weighted avg": {
            "precision": 0.999620985982629,
            "recall": 0.9996313202247191,
            "f1-score": 0.999623872729627,
            "support": 56960.0
        }
    }
}