{
    "model": "XGBoost_test",
    "accuracy": 0.9995084269662922,
    "precision": 0.8415841584158416,
    "recall": 0.8762886597938144,
    "f1score": 0.8585858585858586,
    "roc_auc": 0.9857241432700153,
    "PR_AUC": 0.8803934795866827,
    "classification report": {
        "0": {
            "precision": 0.9997889516171582,
            "recall": 0.999718621951005,
            "f1-score": 0.9997537855472116,
            "support": 56863.0
        },
        "1": {
            "precision": 0.8415841584158416,
            "recall": 0.8762886597938144,
            "f1-score": 0.8585858585858586,
            "support": 97.0
        },
        "accuracy": 0.9995084269662922,
        "macro avg": {
            "precision": 0.9206865550164999,
            "recall": 0.9380036408724097,
            "f1-score": 0.9291698220665351,
            "support": 56960.0
        },
        "weighted avg": {
            "precision": 0.9995195368534551,
            "recall": 0.9995084269662922,
            "f1-score": 0.9995133837053006,
            "support": 56960.0
        }
    }
}